{
"lengthUnit": "mil",
"remark": [],
"components": {
	"fields": ["COMPONENT_NO", "COMPONENT_NAME", "LAYER", "X_COORDINATE", "Y_COORDINATE", "ANGLE"],
	"rows": [
		[1, "H1", "T", 3045, -3540, 0],
		[2, "H2", "T", 180, -3450, 0],
		[3, "H3", "T", 3040, -165, 0],
		[4, "H4", "T", 195, -160, 0],
		[5, "MX1", "T", 625, -1985, 0],
		[6, "MX2", "T", 1380, -1985, 0],
		[7, "MX3", "T", 2135, -1985, 0],
		[8, "MX4", "T", 1380, -1230, 0],
		[9, "MX5", "T", 2135, -1230, 0],
		[10, "MX6", "T", 625, -2735, 0],
		[11, "MX7", "T", 625, -1230, 0],
		[12, "MX8", "T", 2135, -2735, 0],
		[13, "MX9", "T", 1380, -2735, 0],
		[14, "OLED1", "T", 1410, -355, 0],
		[15, "U1", "T", 785, -390, 0],
		[16, "PAD1", "T", 474.996, -1884.999, 0],
		[17, "PAD1", "B", 474.996, -1884.999, 0],
		[18, "PAD2", "T", 724.996, -1784.999, 0],
		[19, "PAD2", "B", 724.996, -1784.999, 0],
		[20, "PAD3", "T", 474.996, -2634.999, 0],
		[21, "PAD3", "B", 474.996, -2634.999, 0],
		[22, "PAD4", "T", 724.996, -2534.999, 0],
		[23, "PAD4", "B", 724.996, -2534.999, 0],
		[24, "PAD5", "T", 474.996, -1129.999, 0],
		[25, "PAD5", "B", 474.996, -1129.999, 0],
		[26, "PAD6", "T", 724.996, -1029.999, 0],
		[27, "PAD6", "B", 724.996, -1029.999, 0],
		[28, "PAD7", "T", 452.126, -90, 0],
		[29, "PAD8", "T", 485, -90, 0],
		[30, "PAD8", "B", 485, -90, 0],
		[31, "PAD9", "T", 452.126, -190, 0],
		[32, "PAD10", "T", 485, -190, 0],
		[33, "PAD10", "B", 485, -190, 0],
		[34, "PAD11", "T", 452.126, -290, 0],
		[35, "PAD12", "T", 485, -290, 0],
		[36, "PAD12", "B", 485, -290, 0],
		[37, "PAD13", "T", 452.126, -390, 0],
		[38, "PAD14", "T", 485, -390, 0],
		[39, "PAD14", "B", 485, -390, 0],
		[40, "PAD15", "T", 452.126, -490, 0],
		[41, "PAD16", "T", 485, -490, 0],
		[42, "PAD16", "B", 485, -490, 0],
		[43, "PAD17", "T", 452.126, -590, 0],
		[44, "PAD18", "T", 485, -590, 0],
		[45, "PAD18", "B", 485, -590, 0],
		[46, "PAD19", "T", 452.126, -690, 0],
		[47, "PAD20", "T", 485, -690, 0],
		[48, "PAD20", "B", 485, -690, 0],
		[49, "PAD21", "T", 1085, -690, 0],
		[50, "PAD21", "B", 1085, -690, 0],
		[51, "PAD22", "T", 1117.874, -690, 0],
		[52, "PAD23", "T", 1085, -590, 0],
		[53, "PAD23", "B", 1085, -590, 0],
		[54, "PAD24", "T", 1117.874, -590, 0],
		[55, "PAD25", "T", 1085, -490, 0],
		[56, "PAD25", "B", 1085, -490, 0],
		[57, "PAD26", "T", 1117.874, -490, 0],
		[58, "PAD27", "T", 1085, -390, 0],
		[59, "PAD27", "B", 1085, -390, 0],
		[60, "PAD28", "T", 1117.874, -390, 0],
		[61, "PAD29", "T", 1085, -290, 0],
		[62, "PAD29", "B", 1085, -290, 0],
		[63, "PAD30", "T", 1117.874, -290, 0],
		[64, "PAD31", "T", 1085, -190, 0],
		[65, "PAD31", "B", 1085, -190, 0],
		[66, "PAD32", "T", 1117.874, -190, 0],
		[67, "PAD33", "T", 1085, -90, 0],
		[68, "PAD33", "B", 1085, -90, 0],
		[69, "PAD34", "T", 1117.874, -90, 0],
		[70, "PAD35", "T", 1229.996, -1129.999, 0],
		[71, "PAD35", "B", 1229.996, -1129.999, 0],
		[72, "PAD36", "T", 1479.996, -1029.999, 0],
		[73, "PAD36", "B", 1479.996, -1029.999, 0],
		[74, "PAD37", "T", 1229.996, -1884.999, 0],
		[75, "PAD37", "B", 1229.996, -1884.999, 0],
		[76, "PAD38", "T", 1479.996, -1784.999, 0],
		[77, "PAD38", "B", 1479.996, -1784.999, 0],
		[78, "PAD39", "T", 1229.996, -2634.999, 0],
		[79, "PAD39", "B", 1229.996, -2634.999, 0],
		[80, "PAD40", "T", 1479.996, -2534.999, 0],
		[81, "PAD40", "B", 1479.996, -2534.999, 0],
		[82, "PAD41", "T", 1410, -505, 0],
		[83, "PAD41", "B", 1410, -505, 0],
		[84, "PAD42", "T", 1410, -405, 0],
		[85, "PAD42", "B", 1410, -405, 0],
		[86, "PAD43", "T", 1410, -305, 0],
		[87, "PAD43", "B", 1410, -305, 0],
		[88, "PAD44", "T", 1410, -205, 0],
		[89, "PAD44", "B", 1410, -205, 0],
		[90, "PAD45", "T", 1984.996, -2634.999, 0],
		[91, "PAD45", "B", 1984.996, -2634.999, 0],
		[92, "PAD46", "T", 2234.996, -2534.999, 0],
		[93, "PAD46", "B", 2234.996, -2534.999, 0],
		[94, "PAD47", "T", 1984.996, -1129.999, 0],
		[95, "PAD47", "B", 1984.996, -1129.999, 0],
		[96, "PAD48", "T", 2234.996, -1029.999, 0],
		[97, "PAD48", "B", 2234.996, -1029.999, 0],
		[98, "PAD49", "T", 1984.996, -1884.999, 0],
		[99, "PAD49", "B", 1984.996, -1884.999, 0],
		[100, "PAD50", "T", 2234.996, -1784.999, 0],
		[101, "PAD50", "B", 2234.996, -1784.999, 0]
	]
},
"pins": {
	"fields": ["PIN_NO", "PIN_NAME", "PIN_X", "PIN_Y", "LAYER", "PIN_TYPE", "NET_NAME", "NET_TYPE", "PAD_SHAPE", "PAD_SIZEX", "PAD_SIZEY", "HOLE_SIZE", "HOLE_LEN", "PAD_ANGLE"],
	"rows": [
		[1, "H1_1", 3045, -3540, "T", "DIP", "NET_1", "", "C", 125.984, 125.984, 125.984, 125.984, 0],
		[2, "H1_1", 3045, -3540, "B", "DIP", "NET_1", "", "C", 125.984, 125.984, 125.984, 125.984, 0],
		[3, "H2_1", 180, -3450, "T", "DIP", "NET_2", "", "C", 125.984, 125.984, 125.984, 125.984, 0],
		[4, "H2_1", 180, -3450, "B", "DIP", "NET_2", "", "C", 125.984, 125.984, 125.984, 125.984, 0],
		[5, "H3_1", 3040, -165, "T", "DIP", "NET_3", "", "C", 125.984, 125.984, 125.984, 125.984, 0],
		[6, "H3_1", 3040, -165, "B", "DIP", "NET_3", "", "C", 125.984, 125.984, 125.984, 125.984, 0],
		[7, "H4_1", 195, -160, "T", "DIP", "NET_4", "", "C", 125.984, 125.984, 125.984, 125.984, 0],
		[8, "H4_1", 195, -160, "B", "DIP", "NET_4", "", "C", 125.984, 125.984, 125.984, 125.984, 0],
		[9, "MX1_1", 474.996, -1884.999, "T", "DIP", "$1N4976", "", "C", 100, 100, 60, 60, 0],
		[10, "MX1_1", 474.996, -1884.999, "B", "DIP", "$1N4976", "", "C", 100, 100, 60, 60, 0],
		[11, "MX1_2", 724.996, -1784.999, "T", "DIP", "GPIO1", "", "C", 100, 100, 60, 60, 0],
		[12, "MX1_2", 724.996, -1784.999, "B", "DIP", "GPIO1", "", "C", 100, 100, 60, 60, 0],
		[13, "MX2_1", 1229.996, -1884.999, "T", "DIP", "$1N4976", "", "C", 100, 100, 60, 60, 0],
		[14, "MX2_1", 1229.996, -1884.999, "B", "DIP", "$1N4976", "", "C", 100, 100, 60, 60, 0],
		[15, "MX2_2", 1479.996, -1784.999, "T", "DIP", "GPIO0", "", "C", 100, 100, 60, 60, 0],
		[16, "MX2_2", 1479.996, -1784.999, "B", "DIP", "GPIO0", "", "C", 100, 100, 60, 60, 0],
		[17, "MX3_1", 1984.996, -1884.999, "T", "DIP", "$1N4976", "", "C", 100, 100, 60, 60, 0],
		[18, "MX3_1", 1984.996, -1884.999, "B", "DIP", "$1N4976", "", "C", 100, 100, 60, 60, 0],
		[19, "MX3_2", 2234.996, -1784.999, "T", "DIP", "GPIO29", "", "C", 100, 100, 60, 60, 0],
		[20, "MX3_2", 2234.996, -1784.999, "B", "DIP", "GPIO29", "", "C", 100, 100, 60, 60, 0],
		[21, "MX4_1", 1229.996, -1129.999, "T", "DIP", "$1N4976", "", "C", 100, 100, 60, 60, 0],
		[22, "MX4_1", 1229.996, -1129.999, "B", "DIP", "$1N4976", "", "C", 100, 100, 60, 60, 0],
		[23, "MX4_2", 1479.996, -1029.999, "T", "DIP", "GPIO3", "", "C", 100, 100, 60, 60, 0],
		[24, "MX4_2", 1479.996, -1029.999, "B", "DIP", "GPIO3", "", "C", 100, 100, 60, 60, 0],
		[25, "MX5_1", 1984.996, -1129.999, "T", "DIP", "$1N4976", "", "C", 100, 100, 60, 60, 0],
		[26, "MX5_1", 1984.996, -1129.999, "B", "DIP", "$1N4976", "", "C", 100, 100, 60, 60, 0],
		[27, "MX5_2", 2234.996, -1029.999, "T", "DIP", "GPIO2", "", "C", 100, 100, 60, 60, 0],
		[28, "MX5_2", 2234.996, -1029.999, "B", "DIP", "GPIO2", "", "C", 100, 100, 60, 60, 0],
		[29, "MX6_1", 474.996, -2634.999, "T", "DIP", "$1N4976", "", "C", 100, 100, 60, 60, 0],
		[30, "MX6_1", 474.996, -2634.999, "B", "DIP", "$1N4976", "", "C", 100, 100, 60, 60, 0],
		[31, "MX6_2", 724.996, -2534.999, "T", "DIP", "GPIO28", "", "C", 100, 100, 60, 60, 0],
		[32, "MX6_2", 724.996, -2534.999, "B", "DIP", "GPIO28", "", "C", 100, 100, 60, 60, 0],
		[33, "MX7_1", 474.996, -1129.999, "T", "DIP", "$1N4976", "", "C", 100, 100, 60, 60, 0],
		[34, "MX7_1", 474.996, -1129.999, "B", "DIP", "$1N4976", "", "C", 100, 100, 60, 60, 0],
		[35, "MX7_2", 724.996, -1029.999, "T", "DIP", "GPIO4", "", "C", 100, 100, 60, 60, 0],
		[36, "MX7_2", 724.996, -1029.999, "B", "DIP", "GPIO4", "", "C", 100, 100, 60, 60, 0],
		[37, "MX8_1", 1984.996, -2634.999, "T", "DIP", "$1N4976", "", "C", 100, 100, 60, 60, 0],
		[38, "MX8_1", 1984.996, -2634.999, "B", "DIP", "$1N4976", "", "C", 100, 100, 60, 60, 0],
		[39, "MX8_2", 2234.996, -2534.999, "T", "DIP", "GPIO26", "", "C", 100, 100, 60, 60, 0],
		[40, "MX8_2", 2234.996, -2534.999, "B", "DIP", "GPIO26", "", "C", 100, 100, 60, 60, 0],
		[41, "MX9_1", 1229.996, -2634.999, "T", "DIP", "$1N4976", "", "C", 100, 100, 60, 60, 0],
		[42, "MX9_1", 1229.996, -2634.999, "B", "DIP", "$1N4976", "", "C", 100, 100, 60, 60, 0],
		[43, "MX9_2", 1479.996, -2534.999, "T", "DIP", "GPIO27", "", "C", 100, 100, 60, 60, 0],
		[44, "MX9_2", 1479.996, -2534.999, "B", "DIP", "GPIO27", "", "C", 100, 100, 60, 60, 0],
		[45, "OLED1_1", 1410, -505, "T", "DIP", "GND", "GND", "C", 62.992, 62.992, 39.37, 39.37, 0],
		[46, "OLED1_1", 1410, -505, "B", "DIP", "GND", "GND", "C", 62.992, 62.992, 39.37, 39.37, 0],
		[47, "OLED1_2", 1410, -405, "T", "DIP", "3V3", "", "C", 62.992, 62.992, 39.37, 39.37, 0],
		[48, "OLED1_2", 1410, -405, "B", "DIP", "3V3", "", "C", 62.992, 62.992, 39.37, 39.37, 0],
		[49, "OLED1_3", 1410, -305, "T", "DIP", "SCL", "", "C", 62.992, 62.992, 39.37, 39.37, 0],
		[50, "OLED1_3", 1410, -305, "B", "DIP", "SCL", "", "C", 62.992, 62.992, 39.37, 39.37, 0],
		[51, "OLED1_4", 1410, -205, "T", "DIP", "SDA", "", "C", 62.992, 62.992, 39.37, 39.37, 0],
		[52, "OLED1_4", 1410, -205, "B", "DIP", "SDA", "", "C", 62.992, 62.992, 39.37, 39.37, 0],
		[53, "U1_1", 452.126, -90, "T", "SMD", "GPIO26", "", "R", 95.748, 60, 0, 0, 180],
		[54, "U1_1", 485, -90, "T", "DIP", "GPIO26", "", "C", 60, 60, 35, 35, 180],
		[55, "U1_1", 485, -90, "B", "DIP", "GPIO26", "", "C", 60, 60, 35, 35, 180],
		[56, "U1_2", 452.126, -190, "T", "SMD", "GPIO27", "", "R", 95.748, 60, 0, 0, 180],
		[57, "U1_2", 485, -190, "T", "DIP", "GPIO27", "", "C", 60, 60, 35, 35, 180],
		[58, "U1_2", 485, -190, "B", "DIP", "GPIO27", "", "C", 60, 60, 35, 35, 180],
		[59, "U1_3", 452.126, -290, "T", "SMD", "GPIO28", "", "R", 95.748, 60, 0, 0, 180],
		[60, "U1_3", 485, -290, "T", "DIP", "GPIO28", "", "C", 60, 60, 35, 35, 180],
		[61, "U1_3", 485, -290, "B", "DIP", "GPIO28", "", "C", 60, 60, 35, 35, 180],
		[62, "U1_4", 452.126, -390, "T", "SMD", "GPIO29", "", "R", 95.748, 60, 0, 0, 180],
		[63, "U1_4", 485, -390, "T", "DIP", "GPIO29", "", "C", 60, 60, 35, 35, 180],
		[64, "U1_4", 485, -390, "B", "DIP", "GPIO29", "", "C", 60, 60, 35, 35, 180],
		[65, "U1_5", 452.126, -490, "T", "SMD", "SDA", "", "R", 95.748, 60, 0, 0, 180],
		[66, "U1_5", 485, -490, "T", "DIP", "SDA", "", "C", 60, 60, 35, 35, 180],
		[67, "U1_5", 485, -490, "B", "DIP", "SDA", "", "C", 60, 60, 35, 35, 180],
		[68, "U1_6", 452.126, -590, "T", "SMD", "SCL", "", "R", 95.748, 60, 0, 0, 180],
		[69, "U1_6", 485, -590, "T", "DIP", "SCL", "", "C", 60, 60, 35, 35, 180],
		[70, "U1_6", 485, -590, "B", "DIP", "SCL", "", "C", 60, 60, 35, 35, 180],
		[71, "U1_7", 452.126, -690, "T", "SMD", "GPIO0", "", "R", 95.748, 60, 0, 0, 180],
		[72, "U1_7", 485, -690, "T", "DIP", "GPIO0", "", "C", 60, 60, 35, 35, 180],
		[73, "U1_7", 485, -690, "B", "DIP", "GPIO0", "", "C", 60, 60, 35, 35, 180],
		[74, "U1_8", 1085, -690, "T", "DIP", "GPIO1", "", "C", 60, 60, 35, 35, 0],
		[75, "U1_8", 1085, -690, "B", "DIP", "GPIO1", "", "C", 60, 60, 35, 35, 0],
		[76, "U1_8", 1117.874, -690, "T", "SMD", "GPIO1", "", "R", 95.748, 60, 0, 0, 0],
		[77, "U1_9", 1085, -590, "T", "DIP", "GPIO2", "", "C", 60, 60, 35, 35, 0],
		[78, "U1_9", 1085, -590, "B", "DIP", "GPIO2", "", "C", 60, 60, 35, 35, 0],
		[79, "U1_9", 1117.874, -590, "T", "SMD", "GPIO2", "", "R", 95.748, 60, 0, 0, 0],
		[80, "U1_10", 1085, -490, "T", "DIP", "GPIO4", "", "C", 60, 60, 35, 35, 0],
		[81, "U1_10", 1085, -490, "B", "DIP", "GPIO4", "", "C", 60, 60, 35, 35, 0],
		[82, "U1_10", 1117.874, -490, "T", "SMD", "GPIO4", "", "R", 95.748, 60, 0, 0, 0],
		[83, "U1_11", 1085, -390, "T", "DIP", "GPIO3", "", "C", 60, 60, 35, 35, 0],
		[84, "U1_11", 1085, -390, "B", "DIP", "GPIO3", "", "C", 60, 60, 35, 35, 0],
		[85, "U1_11", 1117.874, -390, "T", "SMD", "GPIO3", "", "R", 95.748, 60, 0, 0, 0],
		[86, "U1_12", 1085, -290, "T", "DIP", "3V3", "", "C", 60, 60, 35, 35, 0],
		[87, "U1_12", 1085, -290, "B", "DIP", "3V3", "", "C", 60, 60, 35, 35, 0],
		[88, "U1_12", 1117.874, -290, "T", "SMD", "3V3", "", "R", 95.748, 60, 0, 0, 0],
		[89, "U1_13", 1085, -190, "T", "DIP", "GND", "GND", "C", 60, 60, 35, 35, 0],
		[90, "U1_13", 1085, -190, "B", "DIP", "GND", "GND", "C", 60, 60, 35, 35, 0],
		[91, "U1_13", 1117.874, -190, "T", "SMD", "GND", "GND", "R", 95.748, 60, 0, 0, 0],
		[92, "U1_14", 1085, -90, "T", "DIP", "+5V", "", "C", 60, 60, 35, 35, 0],
		[93, "U1_14", 1085, -90, "B", "DIP", "+5V", "", "C", 60, 60, 35, 35, 0],
		[94, "U1_14", 1117.874, -90, "T", "SMD", "+5V", "", "R", 95.748, 60, 0, 0, 0],
		[95, "PAD1_1", 474.996, -1884.999, "T", "DIP", "$1N4976", "", "C", 100, 100, 60, 60, 0],
		[96, "PAD1_1", 474.996, -1884.999, "B", "DIP", "$1N4976", "", "C", 100, 100, 60, 60, 0],
		[97, "PAD2_2", 724.996, -1784.999, "T", "DIP", "GPIO1", "", "C", 100, 100, 60, 60, 0],
		[98, "PAD2_2", 724.996, -1784.999, "B", "DIP", "GPIO1", "", "C", 100, 100, 60, 60, 0],
		[99, "PAD3_1", 474.996, -2634.999, "T", "DIP", "$1N4976", "", "C", 100, 100, 60, 60, 0],
		[100, "PAD3_1", 474.996, -2634.999, "B", "DIP", "$1N4976", "", "C", 100, 100, 60, 60, 0],
		[101, "PAD4_2", 724.996, -2534.999, "T", "DIP", "GPIO28", "", "C", 100, 100, 60, 60, 0],
		[102, "PAD4_2", 724.996, -2534.999, "B", "DIP", "GPIO28", "", "C", 100, 100, 60, 60, 0],
		[103, "PAD5_1", 474.996, -1129.999, "T", "DIP", "$1N4976", "", "C", 100, 100, 60, 60, 0],
		[104, "PAD5_1", 474.996, -1129.999, "B", "DIP", "$1N4976", "", "C", 100, 100, 60, 60, 0],
		[105, "PAD6_2", 724.996, -1029.999, "T", "DIP", "GPIO4", "", "C", 100, 100, 60, 60, 0],
		[106, "PAD6_2", 724.996, -1029.999, "B", "DIP", "GPIO4", "", "C", 100, 100, 60, 60, 0],
		[107, "PAD7_1", 452.126, -90, "T", "SMD", "GPIO26", "", "R", 95.748, 60, 0, 0, 180],
		[108, "PAD8_1", 485, -90, "T", "DIP", "GPIO26", "", "C", 60, 60, 35, 35, 180],
		[109, "PAD8_1", 485, -90, "B", "DIP", "GPIO26", "", "C", 60, 60, 35, 35, 180],
		[110, "PAD9_2", 452.126, -190, "T", "SMD", "GPIO27", "", "R", 95.748, 60, 0, 0, 180],
		[111, "PAD10_2", 485, -190, "T", "DIP", "GPIO27", "", "C", 60, 60, 35, 35, 180],
		[112, "PAD10_2", 485, -190, "B", "DIP", "GPIO27", "", "C", 60, 60, 35, 35, 180],
		[113, "PAD11_3", 452.126, -290, "T", "SMD", "GPIO28", "", "R", 95.748, 60, 0, 0, 180],
		[114, "PAD12_3", 485, -290, "T", "DIP", "GPIO28", "", "C", 60, 60, 35, 35, 180],
		[115, "PAD12_3", 485, -290, "B", "DIP", "GPIO28", "", "C", 60, 60, 35, 35, 180],
		[116, "PAD13_4", 452.126, -390, "T", "SMD", "GPIO29", "", "R", 95.748, 60, 0, 0, 180],
		[117, "PAD14_4", 485, -390, "T", "DIP", "GPIO29", "", "C", 60, 60, 35, 35, 180],
		[118, "PAD14_4", 485, -390, "B", "DIP", "GPIO29", "", "C", 60, 60, 35, 35, 180],
		[119, "PAD15_5", 452.126, -490, "T", "SMD", "SDA", "", "R", 95.748, 60, 0, 0, 180],
		[120, "PAD16_5", 485, -490, "T", "DIP", "SDA", "", "C", 60, 60, 35, 35, 180],
		[121, "PAD16_5", 485, -490, "B", "DIP", "SDA", "", "C", 60, 60, 35, 35, 180],
		[122, "PAD17_6", 452.126, -590, "T", "SMD", "SCL", "", "R", 95.748, 60, 0, 0, 180],
		[123, "PAD18_6", 485, -590, "T", "DIP", "SCL", "", "C", 60, 60, 35, 35, 180],
		[124, "PAD18_6", 485, -590, "B", "DIP", "SCL", "", "C", 60, 60, 35, 35, 180],
		[125, "PAD19_7", 452.126, -690, "T", "SMD", "GPIO0", "", "R", 95.748, 60, 0, 0, 180],
		[126, "PAD20_7", 485, -690, "T", "DIP", "GPIO0", "", "C", 60, 60, 35, 35, 180],
		[127, "PAD20_7", 485, -690, "B", "DIP", "GPIO0", "", "C", 60, 60, 35, 35, 180],
		[128, "PAD21_8", 1085, -690, "T", "DIP", "GPIO1", "", "C", 60, 60, 35, 35, 0],
		[129, "PAD21_8", 1085, -690, "B", "DIP", "GPIO1", "", "C", 60, 60, 35, 35, 0],
		[130, "PAD22_8", 1117.874, -690, "T", "SMD", "GPIO1", "", "R", 95.748, 60, 0, 0, 0],
		[131, "PAD23_9", 1085, -590, "T", "DIP", "GPIO2", "", "C", 60, 60, 35, 35, 0],
		[132, "PAD23_9", 1085, -590, "B", "DIP", "GPIO2", "", "C", 60, 60, 35, 35, 0],
		[133, "PAD24_9", 1117.874, -590, "T", "SMD", "GPIO2", "", "R", 95.748, 60, 0, 0, 0],
		[134, "PAD25_10", 1085, -490, "T", "DIP", "GPIO4", "", "C", 60, 60, 35, 35, 0],
		[135, "PAD25_10", 1085, -490, "B", "DIP", "GPIO4", "", "C", 60, 60, 35, 35, 0],
		[136, "PAD26_10", 1117.874, -490, "T", "SMD", "GPIO4", "", "R", 95.748, 60, 0, 0, 0],
		[137, "PAD27_11", 1085, -390, "T", "DIP", "GPIO3", "", "C", 60, 60, 35, 35, 0],
		[138, "PAD27_11", 1085, -390, "B", "DIP", "GPIO3", "", "C", 60, 60, 35, 35, 0],
		[139, "PAD28_11", 1117.874, -390, "T", "SMD", "GPIO3", "", "R", 95.748, 60, 0, 0, 0],
		[140, "PAD29_12", 1085, -290, "T", "DIP", "3V3", "", "C", 60, 60, 35, 35, 0],
		[141, "PAD29_12", 1085, -290, "B", "DIP", "3V3", "", "C", 60, 60, 35, 35, 0],
		[142, "PAD30_12", 1117.874, -290, "T", "SMD", "3V3", "", "R", 95.748, 60, 0, 0, 0],
		[143, "PAD31_13", 1085, -190, "T", "DIP", "GND", "GND", "C", 60, 60, 35, 35, 0],
		[144, "PAD31_13", 1085, -190, "B", "DIP", "GND", "GND", "C", 60, 60, 35, 35, 0],
		[145, "PAD32_13", 1117.874, -190, "T", "SMD", "GND", "GND", "R", 95.748, 60, 0, 0, 0],
		[146, "PAD33_14", 1085, -90, "T", "DIP", "+5V", "", "C", 60, 60, 35, 35, 0],
		[147, "PAD33_14", 1085, -90, "B", "DIP", "+5V", "", "C", 60, 60, 35, 35, 0],
		[148, "PAD34_14", 1117.874, -90, "T", "SMD", "+5V", "", "R", 95.748, 60, 0, 0, 0],
		[149, "PAD35_1", 1229.996, -1129.999, "T", "DIP", "$1N4976", "", "C", 100, 100, 60, 60, 0],
		[150, "PAD35_1", 1229.996, -1129.999, "B", "DIP", "$1N4976", "", "C", 100, 100, 60, 60, 0],
		[151, "PAD36_2", 1479.996, -1029.999, "T", "DIP", "GPIO3", "", "C", 100, 100, 60, 60, 0],
		[152, "PAD36_2", 1479.996, -1029.999, "B", "DIP", "GPIO3", "", "C", 100, 100, 60, 60, 0],
		[153, "PAD37_1", 1229.996, -1884.999, "T", "DIP", "$1N4976", "", "C", 100, 100, 60, 60, 0],
		[154, "PAD37_1", 1229.996, -1884.999, "B", "DIP", "$1N4976", "", "C", 100, 100, 60, 60, 0],
		[155, "PAD38_2", 1479.996, -1784.999, "T", "DIP", "GPIO0", "", "C", 100, 100, 60, 60, 0],
		[156, "PAD38_2", 1479.996, -1784.999, "B", "DIP", "GPIO0", "", "C", 100, 100, 60, 60, 0],
		[157, "PAD39_1", 1229.996, -2634.999, "T", "DIP", "$1N4976", "", "C", 100, 100, 60, 60, 0],
		[158, "PAD39_1", 1229.996, -2634.999, "B", "DIP", "$1N4976", "", "C", 100, 100, 60, 60, 0],
		[159, "PAD40_2", 1479.996, -2534.999, "T", "DIP", "GPIO27", "", "C", 100, 100, 60, 60, 0],
		[160, "PAD40_2", 1479.996, -2534.999, "B", "DIP", "GPIO27", "", "C", 100, 100, 60, 60, 0],
		[161, "PAD41_1", 1410, -505, "T", "DIP", "GND", "GND", "C", 62.992, 62.992, 39.37, 39.37, 0],
		[162, "PAD41_1", 1410, -505, "B", "DIP", "GND", "GND", "C", 62.992, 62.992, 39.37, 39.37, 0],
		[163, "PAD42_2", 1410, -405, "T", "DIP", "3V3", "", "C", 62.992, 62.992, 39.37, 39.37, 0],
		[164, "PAD42_2", 1410, -405, "B", "DIP", "3V3", "", "C", 62.992, 62.992, 39.37, 39.37, 0],
		[165, "PAD43_3", 1410, -305, "T", "DIP", "SCL", "", "C", 62.992, 62.992, 39.37, 39.37, 0],
		[166, "PAD43_3", 1410, -305, "B", "DIP", "SCL", "", "C", 62.992, 62.992, 39.37, 39.37, 0],
		[167, "PAD44_4", 1410, -205, "T", "DIP", "SDA", "", "C", 62.992, 62.992, 39.37, 39.37, 0],
		[168, "PAD44_4", 1410, -205, "B", "DIP", "SDA", "", "C", 62.992, 62.992, 39.37, 39.37, 0],
		[169, "PAD45_1", 1984.996, -2634.999, "T", "DIP", "$1N4976", "", "C", 100, 100, 60, 60, 0],
		[170, "PAD45_1", 1984.996, -2634.999, "B", "DIP", "$1N4976", "", "C", 100, 100, 60, 60, 0],
		[171, "PAD46_2", 2234.996, -2534.999, "T", "DIP", "GPIO26", "", "C", 100, 100, 60, 60, 0],
		[172, "PAD46_2", 2234.996, -2534.999, "B", "DIP", "GPIO26", "", "C", 100, 100, 60, 60, 0],
		[173, "PAD47_1", 1984.996, -1129.999, "T", "DIP", "$1N4976", "", "C", 100, 100, 60, 60, 0],
		[174, "PAD47_1", 1984.996, -1129.999, "B", "DIP", "$1N4976", "", "C", 100, 100, 60, 60, 0],
		[175, "PAD48_2", 2234.996, -1029.999, "T", "DIP", "GPIO2", "", "C", 100, 100, 60, 60, 0],
		[176, "PAD48_2", 2234.996, -1029.999, "B", "DIP", "GPIO2", "", "C", 100, 100, 60, 60, 0],
		[177, "PAD49_1", 1984.996, -1884.999, "T", "DIP", "$1N4976", "", "C", 100, 100, 60, 60, 0],
		[178, "PAD49_1", 1984.996, -1884.999, "B", "DIP", "$1N4976", "", "C", 100, 100, 60, 60, 0],
		[179, "PAD50_2", 2234.996, -1784.999, "T", "DIP", "GPIO29", "", "C", 100, 100, 60, 60, 0],
		[180, "PAD50_2", 2234.996, -1784.999, "B", "DIP", "GPIO29", "", "C", 100, 100, 60, 60, 0]
	]
}
}