{
"lengthUnit": "mil",
"remark": [],
"components": {
	"fields": ["COMPONENT_NO", "COMPONENT_NAME", "LAYER", "X_COORDINATE", "Y_COORDINATE", "ANGLE"],
	"rows": [
		[1, "MX1", "T", 755, -1270, 0],
		[2, "MX2", "T", 1510, -1270, 0],
		[3, "MX3", "T", 2265, -1270, 0],
		[4, "MX4", "T", 1510, -515, 0],
		[5, "MX5", "T", 2265, -515, 0],
		[6, "MX6", "T", 755, -2020, 0],
		[7, "MX7", "T", 755, -515, 0],
		[8, "MX8", "T", 2265, -2020, 0],
		[9, "MX9", "T", 1510, -2020, 0],
		[10, "OLED1", "T", 1385, 495, 0],
		[11, "U1", "T", 760, 460, 0],
		[12, "PAD1", "T", 604.996, -1169.999, 0],
		[13, "PAD1", "B", 604.996, -1169.999, 0],
		[14, "PAD2", "T", 854.996, -1069.999, 0],
		[15, "PAD2", "B", 854.996, -1069.999, 0],
		[16, "PAD3", "T", 1359.996, -1169.999, 0],
		[17, "PAD3", "B", 1359.996, -1169.999, 0],
		[18, "PAD4", "T", 1609.996, -1069.999, 0],
		[19, "PAD4", "B", 1609.996, -1069.999, 0],
		[20, "PAD5", "T", 2114.996, -1169.999, 0],
		[21, "PAD5", "B", 2114.996, -1169.999, 0],
		[22, "PAD6", "T", 2364.996, -1069.999, 0],
		[23, "PAD6", "B", 2364.996, -1069.999, 0],
		[24, "PAD7", "T", 1359.996, -414.999, 0],
		[25, "PAD7", "B", 1359.996, -414.999, 0],
		[26, "PAD8", "T", 1609.996, -314.999, 0],
		[27, "PAD8", "B", 1609.996, -314.999, 0],
		[28, "PAD9", "T", 2114.996, -414.999, 0],
		[29, "PAD9", "B", 2114.996, -414.999, 0],
		[30, "PAD10", "T", 2364.996, -314.999, 0],
		[31, "PAD10", "B", 2364.996, -314.999, 0],
		[32, "PAD11", "T", 604.996, -1919.999, 0],
		[33, "PAD11", "B", 604.996, -1919.999, 0],
		[34, "PAD12", "T", 854.996, -1819.999, 0],
		[35, "PAD12", "B", 854.996, -1819.999, 0],
		[36, "PAD13", "T", 604.996, -414.999, 0],
		[37, "PAD13", "B", 604.996, -414.999, 0],
		[38, "PAD14", "T", 854.996, -314.999, 0],
		[39, "PAD14", "B", 854.996, -314.999, 0],
		[40, "PAD15", "T", 2114.996, -1919.999, 0],
		[41, "PAD15", "B", 2114.996, -1919.999, 0],
		[42, "PAD16", "T", 2364.996, -1819.999, 0],
		[43, "PAD16", "B", 2364.996, -1819.999, 0],
		[44, "PAD17", "T", 1359.996, -1919.999, 0],
		[45, "PAD17", "B", 1359.996, -1919.999, 0],
		[46, "PAD18", "T", 1609.996, -1819.999, 0],
		[47, "PAD18", "B", 1609.996, -1819.999, 0],
		[48, "PAD19", "T", 1385, 345, 0],
		[49, "PAD19", "B", 1385, 345, 0],
		[50, "PAD20", "T", 1385, 445, 0],
		[51, "PAD20", "B", 1385, 445, 0],
		[52, "PAD21", "T", 1385, 545, 0],
		[53, "PAD21", "B", 1385, 545, 0],
		[54, "PAD22", "T", 1385, 645, 0],
		[55, "PAD22", "B", 1385, 645, 0],
		[56, "PAD23", "T", 427.126, 760, 0],
		[57, "PAD24", "T", 460, 760, 0],
		[58, "PAD24", "B", 460, 760, 0],
		[59, "PAD25", "T", 427.126, 660, 0],
		[60, "PAD26", "T", 460, 660, 0],
		[61, "PAD26", "B", 460, 660, 0],
		[62, "PAD27", "T", 427.126, 560, 0],
		[63, "PAD28", "T", 460, 560, 0],
		[64, "PAD28", "B", 460, 560, 0],
		[65, "PAD29", "T", 427.126, 460, 0],
		[66, "PAD30", "T", 460, 460, 0],
		[67, "PAD30", "B", 460, 460, 0],
		[68, "PAD31", "T", 427.126, 360, 0],
		[69, "PAD32", "T", 460, 360, 0],
		[70, "PAD32", "B", 460, 360, 0],
		[71, "PAD33", "T", 427.126, 260, 0],
		[72, "PAD34", "T", 460, 260, 0],
		[73, "PAD34", "B", 460, 260, 0],
		[74, "PAD35", "T", 427.126, 160, 0],
		[75, "PAD36", "T", 460, 160, 0],
		[76, "PAD36", "B", 460, 160, 0],
		[77, "PAD37", "T", 1060, 160, 0],
		[78, "PAD37", "B", 1060, 160, 0],
		[79, "PAD38", "T", 1092.874, 160, 0],
		[80, "PAD39", "T", 1060, 260, 0],
		[81, "PAD39", "B", 1060, 260, 0],
		[82, "PAD40", "T", 1092.874, 260, 0],
		[83, "PAD41", "T", 1060, 360, 0],
		[84, "PAD41", "B", 1060, 360, 0],
		[85, "PAD42", "T", 1092.874, 360, 0],
		[86, "PAD43", "T", 1060, 460, 0],
		[87, "PAD43", "B", 1060, 460, 0],
		[88, "PAD44", "T", 1092.874, 460, 0],
		[89, "PAD45", "T", 1060, 560, 0],
		[90, "PAD45", "B", 1060, 560, 0],
		[91, "PAD46", "T", 1092.874, 560, 0],
		[92, "PAD47", "T", 1060, 660, 0],
		[93, "PAD47", "B", 1060, 660, 0],
		[94, "PAD48", "T", 1092.874, 660, 0],
		[95, "PAD49", "T", 1060, 760, 0],
		[96, "PAD49", "B", 1060, 760, 0],
		[97, "PAD50", "T", 1092.874, 760, 0]
	]
},
"pins": {
	"fields": ["PIN_NO", "PIN_NAME", "PIN_X", "PIN_Y", "LAYER", "PIN_TYPE", "NET_NAME", "NET_TYPE", "PAD_SHAPE", "PAD_SIZEX", "PAD_SIZEY", "HOLE_SIZE", "HOLE_LEN", "PAD_ANGLE"],
	"rows": [
		[1, "MX1_1", 604.996, -1169.999, "T", "DIP", "GND", "GND", "C", 100, 100, 60, 60, 0],
		[2, "MX1_1", 604.996, -1169.999, "B", "DIP", "GND", "GND", "C", 100, 100, 60, 60, 0],
		[3, "MX1_2", 854.996, -1069.999, "T", "DIP", "GPIO1", "", "C", 100, 100, 60, 60, 0],
		[4, "MX1_2", 854.996, -1069.999, "B", "DIP", "GPIO1", "", "C", 100, 100, 60, 60, 0],
		[5, "MX2_1", 1359.996, -1169.999, "T", "DIP", "GND", "GND", "C", 100, 100, 60, 60, 0],
		[6, "MX2_1", 1359.996, -1169.999, "B", "DIP", "GND", "GND", "C", 100, 100, 60, 60, 0],
		[7, "MX2_2", 1609.996, -1069.999, "T", "DIP", "GPIO0", "", "C", 100, 100, 60, 60, 0],
		[8, "MX2_2", 1609.996, -1069.999, "B", "DIP", "GPIO0", "", "C", 100, 100, 60, 60, 0],
		[9, "MX3_1", 2114.996, -1169.999, "T", "DIP", "GND", "GND", "C", 100, 100, 60, 60, 0],
		[10, "MX3_1", 2114.996, -1169.999, "B", "DIP", "GND", "GND", "C", 100, 100, 60, 60, 0],
		[11, "MX3_2", 2364.996, -1069.999, "T", "DIP", "GPIO29", "", "C", 100, 100, 60, 60, 0],
		[12, "MX3_2", 2364.996, -1069.999, "B", "DIP", "GPIO29", "", "C", 100, 100, 60, 60, 0],
		[13, "MX4_1", 1359.996, -414.999, "T", "DIP", "GND", "GND", "C", 100, 100, 60, 60, 0],
		[14, "MX4_1", 1359.996, -414.999, "B", "DIP", "GND", "GND", "C", 100, 100, 60, 60, 0],
		[15, "MX4_2", 1609.996, -314.999, "T", "DIP", "GPIO3", "", "C", 100, 100, 60, 60, 0],
		[16, "MX4_2", 1609.996, -314.999, "B", "DIP", "GPIO3", "", "C", 100, 100, 60, 60, 0],
		[17, "MX5_1", 2114.996, -414.999, "T", "DIP", "GND", "GND", "C", 100, 100, 60, 60, 0],
		[18, "MX5_1", 2114.996, -414.999, "B", "DIP", "GND", "GND", "C", 100, 100, 60, 60, 0],
		[19, "MX5_2", 2364.996, -314.999, "T", "DIP", "GPIO2", "", "C", 100, 100, 60, 60, 0],
		[20, "MX5_2", 2364.996, -314.999, "B", "DIP", "GPIO2", "", "C", 100, 100, 60, 60, 0],
		[21, "MX6_1", 604.996, -1919.999, "T", "DIP", "GND", "GND", "C", 100, 100, 60, 60, 0],
		[22, "MX6_1", 604.996, -1919.999, "B", "DIP", "GND", "GND", "C", 100, 100, 60, 60, 0],
		[23, "MX6_2", 854.996, -1819.999, "T", "DIP", "GPIO28", "", "C", 100, 100, 60, 60, 0],
		[24, "MX6_2", 854.996, -1819.999, "B", "DIP", "GPIO28", "", "C", 100, 100, 60, 60, 0],
		[25, "MX7_1", 604.996, -414.999, "T", "DIP", "GND", "GND", "C", 100, 100, 60, 60, 0],
		[26, "MX7_1", 604.996, -414.999, "B", "DIP", "GND", "GND", "C", 100, 100, 60, 60, 0],
		[27, "MX7_2", 854.996, -314.999, "T", "DIP", "GPIO4", "", "C", 100, 100, 60, 60, 0],
		[28, "MX7_2", 854.996, -314.999, "B", "DIP", "GPIO4", "", "C", 100, 100, 60, 60, 0],
		[29, "MX8_1", 2114.996, -1919.999, "T", "DIP", "GND", "GND", "C", 100, 100, 60, 60, 0],
		[30, "MX8_1", 2114.996, -1919.999, "B", "DIP", "GND", "GND", "C", 100, 100, 60, 60, 0],
		[31, "MX8_2", 2364.996, -1819.999, "T", "DIP", "GPIO26", "", "C", 100, 100, 60, 60, 0],
		[32, "MX8_2", 2364.996, -1819.999, "B", "DIP", "GPIO26", "", "C", 100, 100, 60, 60, 0],
		[33, "MX9_1", 1359.996, -1919.999, "T", "DIP", "GND", "GND", "C", 100, 100, 60, 60, 0],
		[34, "MX9_1", 1359.996, -1919.999, "B", "DIP", "GND", "GND", "C", 100, 100, 60, 60, 0],
		[35, "MX9_2", 1609.996, -1819.999, "T", "DIP", "GPIO27", "", "C", 100, 100, 60, 60, 0],
		[36, "MX9_2", 1609.996, -1819.999, "B", "DIP", "GPIO27", "", "C", 100, 100, 60, 60, 0],
		[37, "OLED1_1", 1385, 345, "T", "DIP", "GNDOLED", "", "C", 62.992, 62.992, 39.37, 39.37, 0],
		[38, "OLED1_1", 1385, 345, "B", "DIP", "GNDOLED", "", "C", 62.992, 62.992, 39.37, 39.37, 0],
		[39, "OLED1_2", 1385, 445, "T", "DIP", "3V3", "", "C", 62.992, 62.992, 39.37, 39.37, 0],
		[40, "OLED1_2", 1385, 445, "B", "DIP", "3V3", "", "C", 62.992, 62.992, 39.37, 39.37, 0],
		[41, "OLED1_3", 1385, 545, "T", "DIP", "SCL", "", "C", 62.992, 62.992, 39.37, 39.37, 0],
		[42, "OLED1_3", 1385, 545, "B", "DIP", "SCL", "", "C", 62.992, 62.992, 39.37, 39.37, 0],
		[43, "OLED1_4", 1385, 645, "T", "DIP", "SDA", "", "C", 62.992, 62.992, 39.37, 39.37, 0],
		[44, "OLED1_4", 1385, 645, "B", "DIP", "SDA", "", "C", 62.992, 62.992, 39.37, 39.37, 0],
		[45, "U1_1", 427.126, 760, "T", "SMD", "GPIO26", "", "R", 95.748, 60, 0, 0, 180],
		[46, "U1_1", 460, 760, "T", "DIP", "GPIO26", "", "C", 60, 60, 35, 35, 180],
		[47, "U1_1", 460, 760, "B", "DIP", "GPIO26", "", "C", 60, 60, 35, 35, 180],
		[48, "U1_2", 427.126, 660, "T", "SMD", "GPIO27", "", "R", 95.748, 60, 0, 0, 180],
		[49, "U1_2", 460, 660, "T", "DIP", "GPIO27", "", "C", 60, 60, 35, 35, 180],
		[50, "U1_2", 460, 660, "B", "DIP", "GPIO27", "", "C", 60, 60, 35, 35, 180],
		[51, "U1_3", 427.126, 560, "T", "SMD", "GPIO28", "", "R", 95.748, 60, 0, 0, 180],
		[52, "U1_3", 460, 560, "T", "DIP", "GPIO28", "", "C", 60, 60, 35, 35, 180],
		[53, "U1_3", 460, 560, "B", "DIP", "GPIO28", "", "C", 60, 60, 35, 35, 180],
		[54, "U1_4", 427.126, 460, "T", "SMD", "GPIO29", "", "R", 95.748, 60, 0, 0, 180],
		[55, "U1_4", 460, 460, "T", "DIP", "GPIO29", "", "C", 60, 60, 35, 35, 180],
		[56, "U1_4", 460, 460, "B", "DIP", "GPIO29", "", "C", 60, 60, 35, 35, 180],
		[57, "U1_5", 427.126, 360, "T", "SMD", "SDA", "", "R", 95.748, 60, 0, 0, 180],
		[58, "U1_5", 460, 360, "T", "DIP", "SDA", "", "C", 60, 60, 35, 35, 180],
		[59, "U1_5", 460, 360, "B", "DIP", "SDA", "", "C", 60, 60, 35, 35, 180],
		[60, "U1_6", 427.126, 260, "T", "SMD", "SCL", "", "R", 95.748, 60, 0, 0, 180],
		[61, "U1_6", 460, 260, "T", "DIP", "SCL", "", "C", 60, 60, 35, 35, 180],
		[62, "U1_6", 460, 260, "B", "DIP", "SCL", "", "C", 60, 60, 35, 35, 180],
		[63, "U1_7", 427.126, 160, "T", "SMD", "GPIO0", "", "R", 95.748, 60, 0, 0, 180],
		[64, "U1_7", 460, 160, "T", "DIP", "GPIO0", "", "C", 60, 60, 35, 35, 180],
		[65, "U1_7", 460, 160, "B", "DIP", "GPIO0", "", "C", 60, 60, 35, 35, 180],
		[66, "U1_8", 1060, 160, "T", "DIP", "GPIO1", "", "C", 60, 60, 35, 35, 0],
		[67, "U1_8", 1060, 160, "B", "DIP", "GPIO1", "", "C", 60, 60, 35, 35, 0],
		[68, "U1_8", 1092.874, 160, "T", "SMD", "GPIO1", "", "R", 95.748, 60, 0, 0, 0],
		[69, "U1_9", 1060, 260, "T", "DIP", "GPIO2", "", "C", 60, 60, 35, 35, 0],
		[70, "U1_9", 1060, 260, "B", "DIP", "GPIO2", "", "C", 60, 60, 35, 35, 0],
		[71, "U1_9", 1092.874, 260, "T", "SMD", "GPIO2", "", "R", 95.748, 60, 0, 0, 0],
		[72, "U1_10", 1060, 360, "T", "DIP", "GPIO4", "", "C", 60, 60, 35, 35, 0],
		[73, "U1_10", 1060, 360, "B", "DIP", "GPIO4", "", "C", 60, 60, 35, 35, 0],
		[74, "U1_10", 1092.874, 360, "T", "SMD", "GPIO4", "", "R", 95.748, 60, 0, 0, 0],
		[75, "U1_11", 1060, 460, "T", "DIP", "GPIO3", "", "C", 60, 60, 35, 35, 0],
		[76, "U1_11", 1060, 460, "B", "DIP", "GPIO3", "", "C", 60, 60, 35, 35, 0],
		[77, "U1_11", 1092.874, 460, "T", "SMD", "GPIO3", "", "R", 95.748, 60, 0, 0, 0],
		[78, "U1_12", 1060, 560, "T", "DIP", "3V3", "", "C", 60, 60, 35, 35, 0],
		[79, "U1_12", 1060, 560, "B", "DIP", "3V3", "", "C", 60, 60, 35, 35, 0],
		[80, "U1_12", 1092.874, 560, "T", "SMD", "3V3", "", "R", 95.748, 60, 0, 0, 0],
		[81, "U1_13", 1060, 660, "T", "DIP", "GNDOLED", "", "C", 60, 60, 35, 35, 0],
		[82, "U1_13", 1060, 660, "B", "DIP", "GNDOLED", "", "C", 60, 60, 35, 35, 0],
		[83, "U1_13", 1092.874, 660, "T", "SMD", "GNDOLED", "", "R", 95.748, 60, 0, 0, 0],
		[84, "U1_14", 1060, 760, "T", "DIP", "+5V", "", "C", 60, 60, 35, 35, 0],
		[85, "U1_14", 1060, 760, "B", "DIP", "+5V", "", "C", 60, 60, 35, 35, 0],
		[86, "U1_14", 1092.874, 760, "T", "SMD", "+5V", "", "R", 95.748, 60, 0, 0, 0],
		[87, "PAD1_1", 604.996, -1169.999, "T", "DIP", "GND", "GND", "C", 100, 100, 60, 60, 0],
		[88, "PAD1_1", 604.996, -1169.999, "B", "DIP", "GND", "GND", "C", 100, 100, 60, 60, 0],
		[89, "PAD2_2", 854.996, -1069.999, "T", "DIP", "GPIO1", "", "C", 100, 100, 60, 60, 0],
		[90, "PAD2_2", 854.996, -1069.999, "B", "DIP", "GPIO1", "", "C", 100, 100, 60, 60, 0],
		[91, "PAD3_1", 1359.996, -1169.999, "T", "DIP", "GND", "GND", "C", 100, 100, 60, 60, 0],
		[92, "PAD3_1", 1359.996, -1169.999, "B", "DIP", "GND", "GND", "C", 100, 100, 60, 60, 0],
		[93, "PAD4_2", 1609.996, -1069.999, "T", "DIP", "GPIO0", "", "C", 100, 100, 60, 60, 0],
		[94, "PAD4_2", 1609.996, -1069.999, "B", "DIP", "GPIO0", "", "C", 100, 100, 60, 60, 0],
		[95, "PAD5_1", 2114.996, -1169.999, "T", "DIP", "GND", "GND", "C", 100, 100, 60, 60, 0],
		[96, "PAD5_1", 2114.996, -1169.999, "B", "DIP", "GND", "GND", "C", 100, 100, 60, 60, 0],
		[97, "PAD6_2", 2364.996, -1069.999, "T", "DIP", "GPIO29", "", "C", 100, 100, 60, 60, 0],
		[98, "PAD6_2", 2364.996, -1069.999, "B", "DIP", "GPIO29", "", "C", 100, 100, 60, 60, 0],
		[99, "PAD7_1", 1359.996, -414.999, "T", "DIP", "GND", "GND", "C", 100, 100, 60, 60, 0],
		[100, "PAD7_1", 1359.996, -414.999, "B", "DIP", "GND", "GND", "C", 100, 100, 60, 60, 0],
		[101, "PAD8_2", 1609.996, -314.999, "T", "DIP", "GPIO3", "", "C", 100, 100, 60, 60, 0],
		[102, "PAD8_2", 1609.996, -314.999, "B", "DIP", "GPIO3", "", "C", 100, 100, 60, 60, 0],
		[103, "PAD9_1", 2114.996, -414.999, "T", "DIP", "GND", "GND", "C", 100, 100, 60, 60, 0],
		[104, "PAD9_1", 2114.996, -414.999, "B", "DIP", "GND", "GND", "C", 100, 100, 60, 60, 0],
		[105, "PAD10_2", 2364.996, -314.999, "T", "DIP", "GPIO2", "", "C", 100, 100, 60, 60, 0],
		[106, "PAD10_2", 2364.996, -314.999, "B", "DIP", "GPIO2", "", "C", 100, 100, 60, 60, 0],
		[107, "PAD11_1", 604.996, -1919.999, "T", "DIP", "GND", "GND", "C", 100, 100, 60, 60, 0],
		[108, "PAD11_1", 604.996, -1919.999, "B", "DIP", "GND", "GND", "C", 100, 100, 60, 60, 0],
		[109, "PAD12_2", 854.996, -1819.999, "T", "DIP", "GPIO28", "", "C", 100, 100, 60, 60, 0],
		[110, "PAD12_2", 854.996, -1819.999, "B", "DIP", "GPIO28", "", "C", 100, 100, 60, 60, 0],
		[111, "PAD13_1", 604.996, -414.999, "T", "DIP", "GND", "GND", "C", 100, 100, 60, 60, 0],
		[112, "PAD13_1", 604.996, -414.999, "B", "DIP", "GND", "GND", "C", 100, 100, 60, 60, 0],
		[113, "PAD14_2", 854.996, -314.999, "T", "DIP", "GPIO4", "", "C", 100, 100, 60, 60, 0],
		[114, "PAD14_2", 854.996, -314.999, "B", "DIP", "GPIO4", "", "C", 100, 100, 60, 60, 0],
		[115, "PAD15_1", 2114.996, -1919.999, "T", "DIP", "GND", "GND", "C", 100, 100, 60, 60, 0],
		[116, "PAD15_1", 2114.996, -1919.999, "B", "DIP", "GND", "GND", "C", 100, 100, 60, 60, 0],
		[117, "PAD16_2", 2364.996, -1819.999, "T", "DIP", "GPIO26", "", "C", 100, 100, 60, 60, 0],
		[118, "PAD16_2", 2364.996, -1819.999, "B", "DIP", "GPIO26", "", "C", 100, 100, 60, 60, 0],
		[119, "PAD17_1", 1359.996, -1919.999, "T", "DIP", "GND", "GND", "C", 100, 100, 60, 60, 0],
		[120, "PAD17_1", 1359.996, -1919.999, "B", "DIP", "GND", "GND", "C", 100, 100, 60, 60, 0],
		[121, "PAD18_2", 1609.996, -1819.999, "T", "DIP", "GPIO27", "", "C", 100, 100, 60, 60, 0],
		[122, "PAD18_2", 1609.996, -1819.999, "B", "DIP", "GPIO27", "", "C", 100, 100, 60, 60, 0],
		[123, "PAD19_1", 1385, 345, "T", "DIP", "GNDOLED", "", "C", 62.992, 62.992, 39.37, 39.37, 0],
		[124, "PAD19_1", 1385, 345, "B", "DIP", "GNDOLED", "", "C", 62.992, 62.992, 39.37, 39.37, 0],
		[125, "PAD20_2", 1385, 445, "T", "DIP", "3V3", "", "C", 62.992, 62.992, 39.37, 39.37, 0],
		[126, "PAD20_2", 1385, 445, "B", "DIP", "3V3", "", "C", 62.992, 62.992, 39.37, 39.37, 0],
		[127, "PAD21_3", 1385, 545, "T", "DIP", "SCL", "", "C", 62.992, 62.992, 39.37, 39.37, 0],
		[128, "PAD21_3", 1385, 545, "B", "DIP", "SCL", "", "C", 62.992, 62.992, 39.37, 39.37, 0],
		[129, "PAD22_4", 1385, 645, "T", "DIP", "SDA", "", "C", 62.992, 62.992, 39.37, 39.37, 0],
		[130, "PAD22_4", 1385, 645, "B", "DIP", "SDA", "", "C", 62.992, 62.992, 39.37, 39.37, 0],
		[131, "PAD23_1", 427.126, 760, "T", "SMD", "GPIO26", "", "R", 95.748, 60, 0, 0, 180],
		[132, "PAD24_1", 460, 760, "T", "DIP", "GPIO26", "", "C", 60, 60, 35, 35, 180],
		[133, "PAD24_1", 460, 760, "B", "DIP", "GPIO26", "", "C", 60, 60, 35, 35, 180],
		[134, "PAD25_2", 427.126, 660, "T", "SMD", "GPIO27", "", "R", 95.748, 60, 0, 0, 180],
		[135, "PAD26_2", 460, 660, "T", "DIP", "GPIO27", "", "C", 60, 60, 35, 35, 180],
		[136, "PAD26_2", 460, 660, "B", "DIP", "GPIO27", "", "C", 60, 60, 35, 35, 180],
		[137, "PAD27_3", 427.126, 560, "T", "SMD", "GPIO28", "", "R", 95.748, 60, 0, 0, 180],
		[138, "PAD28_3", 460, 560, "T", "DIP", "GPIO28", "", "C", 60, 60, 35, 35, 180],
		[139, "PAD28_3", 460, 560, "B", "DIP", "GPIO28", "", "C", 60, 60, 35, 35, 180],
		[140, "PAD29_4", 427.126, 460, "T", "SMD", "GPIO29", "", "R", 95.748, 60, 0, 0, 180],
		[141, "PAD30_4", 460, 460, "T", "DIP", "GPIO29", "", "C", 60, 60, 35, 35, 180],
		[142, "PAD30_4", 460, 460, "B", "DIP", "GPIO29", "", "C", 60, 60, 35, 35, 180],
		[143, "PAD31_5", 427.126, 360, "T", "SMD", "SDA", "", "R", 95.748, 60, 0, 0, 180],
		[144, "PAD32_5", 460, 360, "T", "DIP", "SDA", "", "C", 60, 60, 35, 35, 180],
		[145, "PAD32_5", 460, 360, "B", "DIP", "SDA", "", "C", 60, 60, 35, 35, 180],
		[146, "PAD33_6", 427.126, 260, "T", "SMD", "SCL", "", "R", 95.748, 60, 0, 0, 180],
		[147, "PAD34_6", 460, 260, "T", "DIP", "SCL", "", "C", 60, 60, 35, 35, 180],
		[148, "PAD34_6", 460, 260, "B", "DIP", "SCL", "", "C", 60, 60, 35, 35, 180],
		[149, "PAD35_7", 427.126, 160, "T", "SMD", "GPIO0", "", "R", 95.748, 60, 0, 0, 180],
		[150, "PAD36_7", 460, 160, "T", "DIP", "GPIO0", "", "C", 60, 60, 35, 35, 180],
		[151, "PAD36_7", 460, 160, "B", "DIP", "GPIO0", "", "C", 60, 60, 35, 35, 180],
		[152, "PAD37_8", 1060, 160, "T", "DIP", "GPIO1", "", "C", 60, 60, 35, 35, 0],
		[153, "PAD37_8", 1060, 160, "B", "DIP", "GPIO1", "", "C", 60, 60, 35, 35, 0],
		[154, "PAD38_8", 1092.874, 160, "T", "SMD", "GPIO1", "", "R", 95.748, 60, 0, 0, 0],
		[155, "PAD39_9", 1060, 260, "T", "DIP", "GPIO2", "", "C", 60, 60, 35, 35, 0],
		[156, "PAD39_9", 1060, 260, "B", "DIP", "GPIO2", "", "C", 60, 60, 35, 35, 0],
		[157, "PAD40_9", 1092.874, 260, "T", "SMD", "GPIO2", "", "R", 95.748, 60, 0, 0, 0],
		[158, "PAD41_10", 1060, 360, "T", "DIP", "GPIO4", "", "C", 60, 60, 35, 35, 0],
		[159, "PAD41_10", 1060, 360, "B", "DIP", "GPIO4", "", "C", 60, 60, 35, 35, 0],
		[160, "PAD42_10", 1092.874, 360, "T", "SMD", "GPIO4", "", "R", 95.748, 60, 0, 0, 0],
		[161, "PAD43_11", 1060, 460, "T", "DIP", "GPIO3", "", "C", 60, 60, 35, 35, 0],
		[162, "PAD43_11", 1060, 460, "B", "DIP", "GPIO3", "", "C", 60, 60, 35, 35, 0],
		[163, "PAD44_11", 1092.874, 460, "T", "SMD", "GPIO3", "", "R", 95.748, 60, 0, 0, 0],
		[164, "PAD45_12", 1060, 560, "T", "DIP", "3V3", "", "C", 60, 60, 35, 35, 0],
		[165, "PAD45_12", 1060, 560, "B", "DIP", "3V3", "", "C", 60, 60, 35, 35, 0],
		[166, "PAD46_12", 1092.874, 560, "T", "SMD", "3V3", "", "R", 95.748, 60, 0, 0, 0],
		[167, "PAD47_13", 1060, 660, "T", "DIP", "GNDOLED", "", "C", 60, 60, 35, 35, 0],
		[168, "PAD47_13", 1060, 660, "B", "DIP", "GNDOLED", "", "C", 60, 60, 35, 35, 0],
		[169, "PAD48_13", 1092.874, 660, "T", "SMD", "GNDOLED", "", "R", 95.748, 60, 0, 0, 0],
		[170, "PAD49_14", 1060, 760, "T", "DIP", "+5V", "", "C", 60, 60, 35, 35, 0],
		[171, "PAD49_14", 1060, 760, "B", "DIP", "+5V", "", "C", 60, 60, 35, 35, 0],
		[172, "PAD50_14", 1092.874, 760, "T", "SMD", "+5V", "", "R", 95.748, 60, 0, 0, 0]
	]
}
}