{
"lengthUnit": "mil",
"remark": [],
"components": {
	"fields": ["COMPONENT_NO", "COMPONENT_NAME", "LAYER", "X_COORDINATE", "Y_COORDINATE", "ANGLE"],
	"rows": [
		[1, "MX1", "T", 625, -1985, 0],
		[2, "MX2", "T", 1380, -1985, 0],
		[3, "MX3", "T", 2135, -1985, 0],
		[4, "MX4", "T", 1380, -1230, 0],
		[5, "MX5", "T", 2135, -1230, 0],
		[6, "MX6", "T", 625, -2735, 0],
		[7, "MX7", "T", 625, -1230, 0],
		[8, "MX8", "T", 2135, -2735, 0],
		[9, "MX9", "T", 1380, -2735, 0],
		[10, "OLED1", "T", 1410, -355, 0],
		[11, "U1", "T", 785, -390, 0],
		[12, "PAD1", "T", 474.996, -1884.999, 0],
		[13, "PAD1", "B", 474.996, -1884.999, 0],
		[14, "PAD2", "T", 724.996, -1784.999, 0],
		[15, "PAD2", "B", 724.996, -1784.999, 0],
		[16, "PAD3", "T", 474.996, -2634.999, 0],
		[17, "PAD3", "B", 474.996, -2634.999, 0],
		[18, "PAD4", "T", 724.996, -2534.999, 0],
		[19, "PAD4", "B", 724.996, -2534.999, 0],
		[20, "PAD5", "T", 474.996, -1129.999, 0],
		[21, "PAD5", "B", 474.996, -1129.999, 0],
		[22, "PAD6", "T", 724.996, -1029.999, 0],
		[23, "PAD6", "B", 724.996, -1029.999, 0],
		[24, "PAD7", "T", 452.126, -90, 0],
		[25, "PAD8", "T", 485, -90, 0],
		[26, "PAD8", "B", 485, -90, 0],
		[27, "PAD9", "T", 452.126, -190, 0],
		[28, "PAD10", "T", 485, -190, 0],
		[29, "PAD10", "B", 485, -190, 0],
		[30, "PAD11", "T", 452.126, -290, 0],
		[31, "PAD12", "T", 485, -290, 0],
		[32, "PAD12", "B", 485, -290, 0],
		[33, "PAD13", "T", 452.126, -390, 0],
		[34, "PAD14", "T", 485, -390, 0],
		[35, "PAD14", "B", 485, -390, 0],
		[36, "PAD15", "T", 452.126, -490, 0],
		[37, "PAD16", "T", 485, -490, 0],
		[38, "PAD16", "B", 485, -490, 0],
		[39, "PAD17", "T", 452.126, -590, 0],
		[40, "PAD18", "T", 485, -590, 0],
		[41, "PAD18", "B", 485, -590, 0],
		[42, "PAD19", "T", 452.126, -690, 0],
		[43, "PAD20", "T", 485, -690, 0],
		[44, "PAD20", "B", 485, -690, 0],
		[45, "PAD21", "T", 1085, -690, 0],
		[46, "PAD21", "B", 1085, -690, 0],
		[47, "PAD22", "T", 1117.874, -690, 0],
		[48, "PAD23", "T", 1085, -590, 0],
		[49, "PAD23", "B", 1085, -590, 0],
		[50, "PAD24", "T", 1117.874, -590, 0],
		[51, "PAD25", "T", 1085, -490, 0],
		[52, "PAD25", "B", 1085, -490, 0],
		[53, "PAD26", "T", 1117.874, -490, 0],
		[54, "PAD27", "T", 1085, -390, 0],
		[55, "PAD27", "B", 1085, -390, 0],
		[56, "PAD28", "T", 1117.874, -390, 0],
		[57, "PAD29", "T", 1085, -290, 0],
		[58, "PAD29", "B", 1085, -290, 0],
		[59, "PAD30", "T", 1117.874, -290, 0],
		[60, "PAD31", "T", 1085, -190, 0],
		[61, "PAD31", "B", 1085, -190, 0],
		[62, "PAD32", "T", 1117.874, -190, 0],
		[63, "PAD33", "T", 1085, -90, 0],
		[64, "PAD33", "B", 1085, -90, 0],
		[65, "PAD34", "T", 1117.874, -90, 0],
		[66, "PAD35", "T", 1229.996, -1129.999, 0],
		[67, "PAD35", "B", 1229.996, -1129.999, 0],
		[68, "PAD36", "T", 1479.996, -1029.999, 0],
		[69, "PAD36", "B", 1479.996, -1029.999, 0],
		[70, "PAD37", "T", 1229.996, -1884.999, 0],
		[71, "PAD37", "B", 1229.996, -1884.999, 0],
		[72, "PAD38", "T", 1479.996, -1784.999, 0],
		[73, "PAD38", "B", 1479.996, -1784.999, 0],
		[74, "PAD39", "T", 1229.996, -2634.999, 0],
		[75, "PAD39", "B", 1229.996, -2634.999, 0],
		[76, "PAD40", "T", 1479.996, -2534.999, 0],
		[77, "PAD40", "B", 1479.996, -2534.999, 0],
		[78, "PAD41", "T", 1410, -505, 0],
		[79, "PAD41", "B", 1410, -505, 0],
		[80, "PAD42", "T", 1410, -405, 0],
		[81, "PAD42", "B", 1410, -405, 0],
		[82, "PAD43", "T", 1410, -305, 0],
		[83, "PAD43", "B", 1410, -305, 0],
		[84, "PAD44", "T", 1410, -205, 0],
		[85, "PAD44", "B", 1410, -205, 0],
		[86, "PAD45", "T", 1984.996, -2634.999, 0],
		[87, "PAD45", "B", 1984.996, -2634.999, 0],
		[88, "PAD46", "T", 2234.996, -2534.999, 0],
		[89, "PAD46", "B", 2234.996, -2534.999, 0],
		[90, "PAD47", "T", 1984.996, -1129.999, 0],
		[91, "PAD47", "B", 1984.996, -1129.999, 0],
		[92, "PAD48", "T", 2234.996, -1029.999, 0],
		[93, "PAD48", "B", 2234.996, -1029.999, 0],
		[94, "PAD49", "T", 1984.996, -1884.999, 0],
		[95, "PAD49", "B", 1984.996, -1884.999, 0],
		[96, "PAD50", "T", 2234.996, -1784.999, 0],
		[97, "PAD50", "B", 2234.996, -1784.999, 0]
	]
},
"pins": {
	"fields": ["PIN_NO", "PIN_NAME", "PIN_X", "PIN_Y", "LAYER", "PIN_TYPE", "NET_NAME", "NET_TYPE", "PAD_SHAPE", "PAD_SIZEX", "PAD_SIZEY", "HOLE_SIZE", "HOLE_LEN", "PAD_ANGLE"],
	"rows": [
		[1, "MX1_1", 474.996, -1884.999, "T", "DIP", "$1N4976", "", "C", 100, 100, 60, 60, 0],
		[2, "MX1_1", 474.996, -1884.999, "B", "DIP", "$1N4976", "", "C", 100, 100, 60, 60, 0],
		[3, "MX1_2", 724.996, -1784.999, "T", "DIP", "GPIO1", "", "C", 100, 100, 60, 60, 0],
		[4, "MX1_2", 724.996, -1784.999, "B", "DIP", "GPIO1", "", "C", 100, 100, 60, 60, 0],
		[5, "MX2_1", 1229.996, -1884.999, "T", "DIP", "$1N4976", "", "C", 100, 100, 60, 60, 0],
		[6, "MX2_1", 1229.996, -1884.999, "B", "DIP", "$1N4976", "", "C", 100, 100, 60, 60, 0],
		[7, "MX2_2", 1479.996, -1784.999, "T", "DIP", "GPIO0", "", "C", 100, 100, 60, 60, 0],
		[8, "MX2_2", 1479.996, -1784.999, "B", "DIP", "GPIO0", "", "C", 100, 100, 60, 60, 0],
		[9, "MX3_1", 1984.996, -1884.999, "T", "DIP", "$1N4976", "", "C", 100, 100, 60, 60, 0],
		[10, "MX3_1", 1984.996, -1884.999, "B", "DIP", "$1N4976", "", "C", 100, 100, 60, 60, 0],
		[11, "MX3_2", 2234.996, -1784.999, "T", "DIP", "GPIO29", "", "C", 100, 100, 60, 60, 0],
		[12, "MX3_2", 2234.996, -1784.999, "B", "DIP", "GPIO29", "", "C", 100, 100, 60, 60, 0],
		[13, "MX4_1", 1229.996, -1129.999, "T", "DIP", "$1N4976", "", "C", 100, 100, 60, 60, 0],
		[14, "MX4_1", 1229.996, -1129.999, "B", "DIP", "$1N4976", "", "C", 100, 100, 60, 60, 0],
		[15, "MX4_2", 1479.996, -1029.999, "T", "DIP", "GPIO3", "", "C", 100, 100, 60, 60, 0],
		[16, "MX4_2", 1479.996, -1029.999, "B", "DIP", "GPIO3", "", "C", 100, 100, 60, 60, 0],
		[17, "MX5_1", 1984.996, -1129.999, "T", "DIP", "$1N4976", "", "C", 100, 100, 60, 60, 0],
		[18, "MX5_1", 1984.996, -1129.999, "B", "DIP", "$1N4976", "", "C", 100, 100, 60, 60, 0],
		[19, "MX5_2", 2234.996, -1029.999, "T", "DIP", "GPIO2", "", "C", 100, 100, 60, 60, 0],
		[20, "MX5_2", 2234.996, -1029.999, "B", "DIP", "GPIO2", "", "C", 100, 100, 60, 60, 0],
		[21, "MX6_1", 474.996, -2634.999, "T", "DIP", "$1N4976", "", "C", 100, 100, 60, 60, 0],
		[22, "MX6_1", 474.996, -2634.999, "B", "DIP", "$1N4976", "", "C", 100, 100, 60, 60, 0],
		[23, "MX6_2", 724.996, -2534.999, "T", "DIP", "GPIO28", "", "C", 100, 100, 60, 60, 0],
		[24, "MX6_2", 724.996, -2534.999, "B", "DIP", "GPIO28", "", "C", 100, 100, 60, 60, 0],
		[25, "MX7_1", 474.996, -1129.999, "T", "DIP", "$1N4976", "", "C", 100, 100, 60, 60, 0],
		[26, "MX7_1", 474.996, -1129.999, "B", "DIP", "$1N4976", "", "C", 100, 100, 60, 60, 0],
		[27, "MX7_2", 724.996, -1029.999, "T", "DIP", "GPIO4", "", "C", 100, 100, 60, 60, 0],
		[28, "MX7_2", 724.996, -1029.999, "B", "DIP", "GPIO4", "", "C", 100, 100, 60, 60, 0],
		[29, "MX8_1", 1984.996, -2634.999, "T", "DIP", "$1N4976", "", "C", 100, 100, 60, 60, 0],
		[30, "MX8_1", 1984.996, -2634.999, "B", "DIP", "$1N4976", "", "C", 100, 100, 60, 60, 0],
		[31, "MX8_2", 2234.996, -2534.999, "T", "DIP", "GPIO26", "", "C", 100, 100, 60, 60, 0],
		[32, "MX8_2", 2234.996, -2534.999, "B", "DIP", "GPIO26", "", "C", 100, 100, 60, 60, 0],
		[33, "MX9_1", 1229.996, -2634.999, "T", "DIP", "$1N4976", "", "C", 100, 100, 60, 60, 0],
		[34, "MX9_1", 1229.996, -2634.999, "B", "DIP", "$1N4976", "", "C", 100, 100, 60, 60, 0],
		[35, "MX9_2", 1479.996, -2534.999, "T", "DIP", "GPIO27", "", "C", 100, 100, 60, 60, 0],
		[36, "MX9_2", 1479.996, -2534.999, "B", "DIP", "GPIO27", "", "C", 100, 100, 60, 60, 0],
		[37, "OLED1_1", 1410, -505, "T", "DIP", "GND", "GND", "C", 62.992, 62.992, 39.37, 39.37, 0],
		[38, "OLED1_1", 1410, -505, "B", "DIP", "GND", "GND", "C", 62.992, 62.992, 39.37, 39.37, 0],
		[39, "OLED1_2", 1410, -405, "T", "DIP", "3V3", "", "C", 62.992, 62.992, 39.37, 39.37, 0],
		[40, "OLED1_2", 1410, -405, "B", "DIP", "3V3", "", "C", 62.992, 62.992, 39.37, 39.37, 0],
		[41, "OLED1_3", 1410, -305, "T", "DIP", "SCL", "", "C", 62.992, 62.992, 39.37, 39.37, 0],
		[42, "OLED1_3", 1410, -305, "B", "DIP", "SCL", "", "C", 62.992, 62.992, 39.37, 39.37, 0],
		[43, "OLED1_4", 1410, -205, "T", "DIP", "SDA", "", "C", 62.992, 62.992, 39.37, 39.37, 0],
		[44, "OLED1_4", 1410, -205, "B", "DIP", "SDA", "", "C", 62.992, 62.992, 39.37, 39.37, 0],
		[45, "U1_1", 452.126, -90, "T", "SMD", "GPIO26", "", "R", 95.748, 60, 0, 0, 180],
		[46, "U1_1", 485, -90, "T", "DIP", "GPIO26", "", "C", 60, 60, 35, 35, 180],
		[47, "U1_1", 485, -90, "B", "DIP", "GPIO26", "", "C", 60, 60, 35, 35, 180],
		[48, "U1_2", 452.126, -190, "T", "SMD", "GPIO27", "", "R", 95.748, 60, 0, 0, 180],
		[49, "U1_2", 485, -190, "T", "DIP", "GPIO27", "", "C", 60, 60, 35, 35, 180],
		[50, "U1_2", 485, -190, "B", "DIP", "GPIO27", "", "C", 60, 60, 35, 35, 180],
		[51, "U1_3", 452.126, -290, "T", "SMD", "GPIO28", "", "R", 95.748, 60, 0, 0, 180],
		[52, "U1_3", 485, -290, "T", "DIP", "GPIO28", "", "C", 60, 60, 35, 35, 180],
		[53, "U1_3", 485, -290, "B", "DIP", "GPIO28", "", "C", 60, 60, 35, 35, 180],
		[54, "U1_4", 452.126, -390, "T", "SMD", "GPIO29", "", "R", 95.748, 60, 0, 0, 180],
		[55, "U1_4", 485, -390, "T", "DIP", "GPIO29", "", "C", 60, 60, 35, 35, 180],
		[56, "U1_4", 485, -390, "B", "DIP", "GPIO29", "", "C", 60, 60, 35, 35, 180],
		[57, "U1_5", 452.126, -490, "T", "SMD", "SDA", "", "R", 95.748, 60, 0, 0, 180],
		[58, "U1_5", 485, -490, "T", "DIP", "SDA", "", "C", 60, 60, 35, 35, 180],
		[59, "U1_5", 485, -490, "B", "DIP", "SDA", "", "C", 60, 60, 35, 35, 180],
		[60, "U1_6", 452.126, -590, "T", "SMD", "SCL", "", "R", 95.748, 60, 0, 0, 180],
		[61, "U1_6", 485, -590, "T", "DIP", "SCL", "", "C", 60, 60, 35, 35, 180],
		[62, "U1_6", 485, -590, "B", "DIP", "SCL", "", "C", 60, 60, 35, 35, 180],
		[63, "U1_7", 452.126, -690, "T", "SMD", "GPIO0", "", "R", 95.748, 60, 0, 0, 180],
		[64, "U1_7", 485, -690, "T", "DIP", "GPIO0", "", "C", 60, 60, 35, 35, 180],
		[65, "U1_7", 485, -690, "B", "DIP", "GPIO0", "", "C", 60, 60, 35, 35, 180],
		[66, "U1_8", 1085, -690, "T", "DIP", "GPIO1", "", "C", 60, 60, 35, 35, 0],
		[67, "U1_8", 1085, -690, "B", "DIP", "GPIO1", "", "C", 60, 60, 35, 35, 0],
		[68, "U1_8", 1117.874, -690, "T", "SMD", "GPIO1", "", "R", 95.748, 60, 0, 0, 0],
		[69, "U1_9", 1085, -590, "T", "DIP", "GPIO2", "", "C", 60, 60, 35, 35, 0],
		[70, "U1_9", 1085, -590, "B", "DIP", "GPIO2", "", "C", 60, 60, 35, 35, 0],
		[71, "U1_9", 1117.874, -590, "T", "SMD", "GPIO2", "", "R", 95.748, 60, 0, 0, 0],
		[72, "U1_10", 1085, -490, "T", "DIP", "GPIO4", "", "C", 60, 60, 35, 35, 0],
		[73, "U1_10", 1085, -490, "B", "DIP", "GPIO4", "", "C", 60, 60, 35, 35, 0],
		[74, "U1_10", 1117.874, -490, "T", "SMD", "GPIO4", "", "R", 95.748, 60, 0, 0, 0],
		[75, "U1_11", 1085, -390, "T", "DIP", "GPIO3", "", "C", 60, 60, 35, 35, 0],
		[76, "U1_11", 1085, -390, "B", "DIP", "GPIO3", "", "C", 60, 60, 35, 35, 0],
		[77, "U1_11", 1117.874, -390, "T", "SMD", "GPIO3", "", "R", 95.748, 60, 0, 0, 0],
		[78, "U1_12", 1085, -290, "T", "DIP", "3V3", "", "C", 60, 60, 35, 35, 0],
		[79, "U1_12", 1085, -290, "B", "DIP", "3V3", "", "C", 60, 60, 35, 35, 0],
		[80, "U1_12", 1117.874, -290, "T", "SMD", "3V3", "", "R", 95.748, 60, 0, 0, 0],
		[81, "U1_13", 1085, -190, "T", "DIP", "GND", "GND", "C", 60, 60, 35, 35, 0],
		[82, "U1_13", 1085, -190, "B", "DIP", "GND", "GND", "C", 60, 60, 35, 35, 0],
		[83, "U1_13", 1117.874, -190, "T", "SMD", "GND", "GND", "R", 95.748, 60, 0, 0, 0],
		[84, "U1_14", 1085, -90, "T", "DIP", "+5V", "", "C", 60, 60, 35, 35, 0],
		[85, "U1_14", 1085, -90, "B", "DIP", "+5V", "", "C", 60, 60, 35, 35, 0],
		[86, "U1_14", 1117.874, -90, "T", "SMD", "+5V", "", "R", 95.748, 60, 0, 0, 0],
		[87, "PAD1_1", 474.996, -1884.999, "T", "DIP", "$1N4976", "", "C", 100, 100, 60, 60, 0],
		[88, "PAD1_1", 474.996, -1884.999, "B", "DIP", "$1N4976", "", "C", 100, 100, 60, 60, 0],
		[89, "PAD2_2", 724.996, -1784.999, "T", "DIP", "GPIO1", "", "C", 100, 100, 60, 60, 0],
		[90, "PAD2_2", 724.996, -1784.999, "B", "DIP", "GPIO1", "", "C", 100, 100, 60, 60, 0],
		[91, "PAD3_1", 474.996, -2634.999, "T", "DIP", "$1N4976", "", "C", 100, 100, 60, 60, 0],
		[92, "PAD3_1", 474.996, -2634.999, "B", "DIP", "$1N4976", "", "C", 100, 100, 60, 60, 0],
		[93, "PAD4_2", 724.996, -2534.999, "T", "DIP", "GPIO28", "", "C", 100, 100, 60, 60, 0],
		[94, "PAD4_2", 724.996, -2534.999, "B", "DIP", "GPIO28", "", "C", 100, 100, 60, 60, 0],
		[95, "PAD5_1", 474.996, -1129.999, "T", "DIP", "$1N4976", "", "C", 100, 100, 60, 60, 0],
		[96, "PAD5_1", 474.996, -1129.999, "B", "DIP", "$1N4976", "", "C", 100, 100, 60, 60, 0],
		[97, "PAD6_2", 724.996, -1029.999, "T", "DIP", "GPIO4", "", "C", 100, 100, 60, 60, 0],
		[98, "PAD6_2", 724.996, -1029.999, "B", "DIP", "GPIO4", "", "C", 100, 100, 60, 60, 0],
		[99, "PAD7_1", 452.126, -90, "T", "SMD", "GPIO26", "", "R", 95.748, 60, 0, 0, 180],
		[100, "PAD8_1", 485, -90, "T", "DIP", "GPIO26", "", "C", 60, 60, 35, 35, 180],
		[101, "PAD8_1", 485, -90, "B", "DIP", "GPIO26", "", "C", 60, 60, 35, 35, 180],
		[102, "PAD9_2", 452.126, -190, "T", "SMD", "GPIO27", "", "R", 95.748, 60, 0, 0, 180],
		[103, "PAD10_2", 485, -190, "T", "DIP", "GPIO27", "", "C", 60, 60, 35, 35, 180],
		[104, "PAD10_2", 485, -190, "B", "DIP", "GPIO27", "", "C", 60, 60, 35, 35, 180],
		[105, "PAD11_3", 452.126, -290, "T", "SMD", "GPIO28", "", "R", 95.748, 60, 0, 0, 180],
		[106, "PAD12_3", 485, -290, "T", "DIP", "GPIO28", "", "C", 60, 60, 35, 35, 180],
		[107, "PAD12_3", 485, -290, "B", "DIP", "GPIO28", "", "C", 60, 60, 35, 35, 180],
		[108, "PAD13_4", 452.126, -390, "T", "SMD", "GPIO29", "", "R", 95.748, 60, 0, 0, 180],
		[109, "PAD14_4", 485, -390, "T", "DIP", "GPIO29", "", "C", 60, 60, 35, 35, 180],
		[110, "PAD14_4", 485, -390, "B", "DIP", "GPIO29", "", "C", 60, 60, 35, 35, 180],
		[111, "PAD15_5", 452.126, -490, "T", "SMD", "SDA", "", "R", 95.748, 60, 0, 0, 180],
		[112, "PAD16_5", 485, -490, "T", "DIP", "SDA", "", "C", 60, 60, 35, 35, 180],
		[113, "PAD16_5", 485, -490, "B", "DIP", "SDA", "", "C", 60, 60, 35, 35, 180],
		[114, "PAD17_6", 452.126, -590, "T", "SMD", "SCL", "", "R", 95.748, 60, 0, 0, 180],
		[115, "PAD18_6", 485, -590, "T", "DIP", "SCL", "", "C", 60, 60, 35, 35, 180],
		[116, "PAD18_6", 485, -590, "B", "DIP", "SCL", "", "C", 60, 60, 35, 35, 180],
		[117, "PAD19_7", 452.126, -690, "T", "SMD", "GPIO0", "", "R", 95.748, 60, 0, 0, 180],
		[118, "PAD20_7", 485, -690, "T", "DIP", "GPIO0", "", "C", 60, 60, 35, 35, 180],
		[119, "PAD20_7", 485, -690, "B", "DIP", "GPIO0", "", "C", 60, 60, 35, 35, 180],
		[120, "PAD21_8", 1085, -690, "T", "DIP", "GPIO1", "", "C", 60, 60, 35, 35, 0],
		[121, "PAD21_8", 1085, -690, "B", "DIP", "GPIO1", "", "C", 60, 60, 35, 35, 0],
		[122, "PAD22_8", 1117.874, -690, "T", "SMD", "GPIO1", "", "R", 95.748, 60, 0, 0, 0],
		[123, "PAD23_9", 1085, -590, "T", "DIP", "GPIO2", "", "C", 60, 60, 35, 35, 0],
		[124, "PAD23_9", 1085, -590, "B", "DIP", "GPIO2", "", "C", 60, 60, 35, 35, 0],
		[125, "PAD24_9", 1117.874, -590, "T", "SMD", "GPIO2", "", "R", 95.748, 60, 0, 0, 0],
		[126, "PAD25_10", 1085, -490, "T", "DIP", "GPIO4", "", "C", 60, 60, 35, 35, 0],
		[127, "PAD25_10", 1085, -490, "B", "DIP", "GPIO4", "", "C", 60, 60, 35, 35, 0],
		[128, "PAD26_10", 1117.874, -490, "T", "SMD", "GPIO4", "", "R", 95.748, 60, 0, 0, 0],
		[129, "PAD27_11", 1085, -390, "T", "DIP", "GPIO3", "", "C", 60, 60, 35, 35, 0],
		[130, "PAD27_11", 1085, -390, "B", "DIP", "GPIO3", "", "C", 60, 60, 35, 35, 0],
		[131, "PAD28_11", 1117.874, -390, "T", "SMD", "GPIO3", "", "R", 95.748, 60, 0, 0, 0],
		[132, "PAD29_12", 1085, -290, "T", "DIP", "3V3", "", "C", 60, 60, 35, 35, 0],
		[133, "PAD29_12", 1085, -290, "B", "DIP", "3V3", "", "C", 60, 60, 35, 35, 0],
		[134, "PAD30_12", 1117.874, -290, "T", "SMD", "3V3", "", "R", 95.748, 60, 0, 0, 0],
		[135, "PAD31_13", 1085, -190, "T", "DIP", "GND", "GND", "C", 60, 60, 35, 35, 0],
		[136, "PAD31_13", 1085, -190, "B", "DIP", "GND", "GND", "C", 60, 60, 35, 35, 0],
		[137, "PAD32_13", 1117.874, -190, "T", "SMD", "GND", "GND", "R", 95.748, 60, 0, 0, 0],
		[138, "PAD33_14", 1085, -90, "T", "DIP", "+5V", "", "C", 60, 60, 35, 35, 0],
		[139, "PAD33_14", 1085, -90, "B", "DIP", "+5V", "", "C", 60, 60, 35, 35, 0],
		[140, "PAD34_14", 1117.874, -90, "T", "SMD", "+5V", "", "R", 95.748, 60, 0, 0, 0],
		[141, "PAD35_1", 1229.996, -1129.999, "T", "DIP", "$1N4976", "", "C", 100, 100, 60, 60, 0],
		[142, "PAD35_1", 1229.996, -1129.999, "B", "DIP", "$1N4976", "", "C", 100, 100, 60, 60, 0],
		[143, "PAD36_2", 1479.996, -1029.999, "T", "DIP", "GPIO3", "", "C", 100, 100, 60, 60, 0],
		[144, "PAD36_2", 1479.996, -1029.999, "B", "DIP", "GPIO3", "", "C", 100, 100, 60, 60, 0],
		[145, "PAD37_1", 1229.996, -1884.999, "T", "DIP", "$1N4976", "", "C", 100, 100, 60, 60, 0],
		[146, "PAD37_1", 1229.996, -1884.999, "B", "DIP", "$1N4976", "", "C", 100, 100, 60, 60, 0],
		[147, "PAD38_2", 1479.996, -1784.999, "T", "DIP", "GPIO0", "", "C", 100, 100, 60, 60, 0],
		[148, "PAD38_2", 1479.996, -1784.999, "B", "DIP", "GPIO0", "", "C", 100, 100, 60, 60, 0],
		[149, "PAD39_1", 1229.996, -2634.999, "T", "DIP", "$1N4976", "", "C", 100, 100, 60, 60, 0],
		[150, "PAD39_1", 1229.996, -2634.999, "B", "DIP", "$1N4976", "", "C", 100, 100, 60, 60, 0],
		[151, "PAD40_2", 1479.996, -2534.999, "T", "DIP", "GPIO27", "", "C", 100, 100, 60, 60, 0],
		[152, "PAD40_2", 1479.996, -2534.999, "B", "DIP", "GPIO27", "", "C", 100, 100, 60, 60, 0],
		[153, "PAD41_1", 1410, -505, "T", "DIP", "GND", "GND", "C", 62.992, 62.992, 39.37, 39.37, 0],
		[154, "PAD41_1", 1410, -505, "B", "DIP", "GND", "GND", "C", 62.992, 62.992, 39.37, 39.37, 0],
		[155, "PAD42_2", 1410, -405, "T", "DIP", "3V3", "", "C", 62.992, 62.992, 39.37, 39.37, 0],
		[156, "PAD42_2", 1410, -405, "B", "DIP", "3V3", "", "C", 62.992, 62.992, 39.37, 39.37, 0],
		[157, "PAD43_3", 1410, -305, "T", "DIP", "SCL", "", "C", 62.992, 62.992, 39.37, 39.37, 0],
		[158, "PAD43_3", 1410, -305, "B", "DIP", "SCL", "", "C", 62.992, 62.992, 39.37, 39.37, 0],
		[159, "PAD44_4", 1410, -205, "T", "DIP", "SDA", "", "C", 62.992, 62.992, 39.37, 39.37, 0],
		[160, "PAD44_4", 1410, -205, "B", "DIP", "SDA", "", "C", 62.992, 62.992, 39.37, 39.37, 0],
		[161, "PAD45_1", 1984.996, -2634.999, "T", "DIP", "$1N4976", "", "C", 100, 100, 60, 60, 0],
		[162, "PAD45_1", 1984.996, -2634.999, "B", "DIP", "$1N4976", "", "C", 100, 100, 60, 60, 0],
		[163, "PAD46_2", 2234.996, -2534.999, "T", "DIP", "GPIO26", "", "C", 100, 100, 60, 60, 0],
		[164, "PAD46_2", 2234.996, -2534.999, "B", "DIP", "GPIO26", "", "C", 100, 100, 60, 60, 0],
		[165, "PAD47_1", 1984.996, -1129.999, "T", "DIP", "$1N4976", "", "C", 100, 100, 60, 60, 0],
		[166, "PAD47_1", 1984.996, -1129.999, "B", "DIP", "$1N4976", "", "C", 100, 100, 60, 60, 0],
		[167, "PAD48_2", 2234.996, -1029.999, "T", "DIP", "GPIO2", "", "C", 100, 100, 60, 60, 0],
		[168, "PAD48_2", 2234.996, -1029.999, "B", "DIP", "GPIO2", "", "C", 100, 100, 60, 60, 0],
		[169, "PAD49_1", 1984.996, -1884.999, "T", "DIP", "$1N4976", "", "C", 100, 100, 60, 60, 0],
		[170, "PAD49_1", 1984.996, -1884.999, "B", "DIP", "$1N4976", "", "C", 100, 100, 60, 60, 0],
		[171, "PAD50_2", 2234.996, -1784.999, "T", "DIP", "GPIO29", "", "C", 100, 100, 60, 60, 0],
		[172, "PAD50_2", 2234.996, -1784.999, "B", "DIP", "GPIO29", "", "C", 100, 100, 60, 60, 0]
	]
}
}